,0,1,target
0,9.22263068485294,2.860715823347231,0
1,2.547525930954007,8.388418002712793,0
2,12.454223170499185,5.271553564380341,0
3,17.64714749810974,5.686703968951229,0
4,4.460642710247647,8.722465498844855,0
5,1.046779682505036,6.016381781401873,0
6,7.004912527350253,6.202865789334799,0
7,20.037033962986598,4.0198713854280435,0
8,10.018051871899353,3.9558669091271823,0
9,5.636653047688975,8.677013301005717,0
10,11.7630103584549,11.045391910684309,0
11,12.454838420368178,11.310231401018779,0
12,4.688164317606438,16.562437313692357,0
13,26.228937386544697,5.262813956617999,0
14,12.501334491876415,9.952945989801925,0
15,9.671969353263941,12.061587722111486,0
16,22.194466927725625,8.814756719677787,0
17,16.173827226569244,6.187671239962592,0
18,3.1641499914092894,7.8159100120192715,0
19,3.285781905066372,19.74171184462691,0
20,4.31555009659904,10.024670777390375,0
21,8.109696283328837,19.68195371512951,0
22,8.367768662800987,8.467308223006157,0
23,8.699322823926538,7.102430691162608,0
24,5.007905044576375,15.017358357791306,0
25,8.105216889678353,6.432636445302839,0
26,3.507496010202555,5.584860052103782,0
27,2.058384321737046,8.86852931724009,0
28,12.282222842921298,13.434362770053934,0
29,14.534776960934161,3.8332577575728664,0
30,5.355599511026979,28.942346324545937,0
31,7.582482191777014,3.2393636531349475,0
32,11.114746538499839,9.699709788911232,0
33,3.458004710185058,8.252315294380189,0
34,13.965162795331548,2.4208041655870827,0
35,7.778658998745151,14.978238512941667,0
36,4.236720723298474,9.017978596345145,0
37,13.166670512387213,4.293384524389958,0
38,2.8503624781219328,11.414104728238708,0
39,20.73632888926275,6.337297844332831,0
40,7.407954277310772,6.731206271221604,0
41,7.9448439414126835,4.002941758494343,0
42,11.456611361611763,10.85442435604116,0
43,7.48376242298121,12.589742535779692,0
44,8.791001477799385,17.900502682041676,0
45,3.1816112591085455,6.030353035308808,0
46,3.780957993186563,14.112240210576193,0
47,2.667421586329307,5.321302038685493,0
48,14.311236737634925,17.720604229818637,0
49,5.2273990074690335,10.364959510824773,0
50,8.43318125777317,20.1918584605762,0
51,3.1835300551384464,11.193818390897649,0
52,6.109061648715732,12.994982578401023,0
53,6.489127649961851,4.6070376925209615,0
54,16.689383550482038,1.825946897422638,0
55,13.341571995055826,6.131349495394035,0
56,4.199506075487754,12.10320930671679,0
57,3.038620677144141,7.891963769953356,0
58,6.15350102250217,12.562254562751939,0
59,0.8738733349463514,15.353660435139194,0
60,7.2566320928714605,2.599634190489664,0
61,10.013363592548835,6.223691328718006,0
62,9.255243380638646,23.9691870568613,0
63,12.543276944869058,13.503968917527882,0
64,4.373249157629208,9.399064762158408,0
65,13.183290159015456,12.668359155825172,0
66,24.676671725705354,5.143502103896059,0
67,9.612161938730713,6.050559667777815,0
68,4.981623640161197,7.2940821286615325,0
69,3.7404269676933963,5.102803694232086,0
70,2.7067737076912755,6.021338378094153,0
71,11.04437061444752,13.929056412103886,0
72,8.164708322918841,7.442703541668872,0
73,13.104660822978106,1.4063974573099833,0
74,2.809660313427866,14.031576238363261,0
75,13.786669207727197,27.017487161314317,0
76,24.846265899425624,8.17319292518455,0
77,10.388544912109761,5.067969287924701,0
78,7.037503602317056,5.052808818845183,0
79,14.420517830455658,22.0627874677825,0
80,7.4822759088912525,16.86912486916671,0
81,19.4774407740391,7.04254987805256,0
82,6.248609964129255,1.7398296968480544,0
83,20.827813713192224,5.107017488888172,0
84,7.554424396210166,5.122305783194651,0
85,27.135303487796875,2.02319111992699,0
86,12.00454435295627,10.540092800882338,0
87,8.310647513245252,5.855818970516724,0
88,9.149497116830474,2.866917275383658,0
89,9.45301935375074,5.053264268098443,0
90,11.974279215147153,5.881538694617239,0
91,8.891088837536282,17.36042268214429,0
92,7.823209002167056,2.368433270402874,0
93,5.505342945479132,3.4127006045681956,0
94,18.499988512194534,9.063735739622434,0
95,10.97077436463998,17.73975874570497,0
96,18.294815163169712,7.343683032266737,0
97,6.011063061902867,5.023688751163647,0
98,9.162969730798187,7.788962233334065,0
99,5.837651066296997,3.319574759382709,0
100,4.321861123404887,8.343052063480748,0
101,4.049726725224939,6.277280287725774,0
102,3.8249254911152315,5.269430200082942,0
103,10.543963225404744,4.667152843991269,0
104,16.55935553488603,19.163585632478537,0
105,2.113684988612201,20.236749936191607,0
106,14.747624814726596,3.038170757783383,0
107,12.060086718378516,3.715209145378992,0
108,10.397334028528409,18.668499608494702,0
109,12.960613742104263,1.5144738041450916,0
110,18.49448771717747,7.627613866627735,0
111,11.65080828117898,13.23339043930794,0
112,5.428770212499423,11.026401600641181,0
113,8.129495831677982,12.451494592806164,0
114,5.103427944740164,4.7861513826665645,0
115,11.532098067918966,5.083329711070551,0
116,14.923896196611313,11.020344208790139,0
117,6.6547707032173395,1.4695898024733693,0
118,12.60142628394846,12.45659719160355,0
119,22.099301241840216,6.458992908744257,0
120,3.9326841239386203,5.536409231634584,0
121,1.816015854064624,2.737353830575783,0
122,9.160948901406137,5.395128459042448,0
123,14.234749511693149,25.414153454135622,0
124,17.093268329887096,11.076319245566381,0
125,13.397012932948671,15.803571047516526,0
126,6.873584912304432,15.906780756999515,0
127,2.791309597071897,8.677650408938788,0
128,7.421653107173788,5.718709899173263,0
129,5.889442572264024,5.522109468190007,0
130,11.201508394130151,5.73189949377514,0
131,12.167231501686707,10.611719063020326,0
132,3.1024816013342402,7.474989852068478,0
133,7.515156635201846,8.379632690725478,0
134,12.04311977388351,8.838847624244842,0
135,6.279589719763387,5.743507003314783,0
136,15.382878171881085,1.9044355308516263,0
137,3.7244678438200722,6.790534571646184,0
138,11.5230682960441,8.776902585809449,0
139,7.281850614014218,6.921278080848435,0
140,17.56145882865295,11.92523854495161,0
141,5.375862797608884,7.852974155660093,0
142,21.58705765554884,2.476333623909503,0
143,8.523649286862959,3.045623317470043,0
144,9.673100754513547,4.456506683145086,0
145,11.882429090397265,9.217260178555504,0
146,4.486918069293659,9.211239837918658,0
147,11.508227119081042,14.3371338038637,0
148,19.404082383636286,20.028731593871818,0
149,13.554959499716203,4.171454673336568,0
150,11.530724272137094,6.254884236277866,0
151,8.38016439833951,15.114789153616021,0
152,9.086033590530157,5.035445924320196,0
153,11.128918993785827,10.263615214719147,0
154,4.937894069804703,7.174162816292459,0
155,8.321064478879114,4.473262381494181,0
156,4.97793529026778,9.672157304929648,0
157,4.124422861755596,21.615470881244775,0
158,2.405138332629747,8.857078562853863,0
159,5.279472636795132,2.1033732053837486,0
160,9.61776472574578,6.775670870228475,0
161,10.638866511421792,11.672996027045382,0
162,13.261653330247395,7.573715685723081,0
163,3.6105392778399628,5.860364663516955,0
164,9.382647347379802,18.103585805996747,0
165,12.171728449169187,7.209873978953058,0
166,2.615977441347642,12.642996645024938,0
167,19.322196341772568,3.540857996388316,0
168,7.428119877599174,17.20722286316537,0
169,2.758394758251916,14.697563372219076,0
170,4.796935758736382,15.507598621197582,0
171,10.826851075742315,16.844630983477867,0
172,12.330833662852264,12.058903166013122,0
173,9.970618890389577,14.323013721949888,0
174,12.473379026422243,3.88114219468744,0
175,7.05316984064514,11.798925679008146,0
176,16.978417296803773,9.80606926800851,0
177,4.680185144042836,31.62631785184285,0
178,13.58756897434885,6.632839557074181,0
179,5.768284251408698,11.775927660607838,0
180,4.281128986920106,7.660228503832641,0
181,6.285223777850816,14.047925770447462,0
182,9.917212834355464,14.770059406303368,0
183,1.8854129107211999,10.90491773021838,0
184,16.3907244257459,6.663993016716994,0
185,6.058385590411324,6.197658128867467,0
186,7.3516265754207435,7.367183127388317,0
187,10.919358698323295,9.97534031562596,0
188,10.15771987696511,7.9106203081891575,0
189,7.267684344489349,5.6489128351217825,0
190,4.26148578405684,7.458015349023756,0
191,10.287106899636749,14.769293366406515,0
192,1.854904061193834,14.615436021214736,0
193,4.390396288217445,18.8672855829798,0
194,17.229060285723172,3.2587958386448896,0
195,9.786993219004124,13.375934928433068,0
196,5.395645791503043,12.36179720124434,0
197,9.411334319661258,27.03250487625464,0
198,3.8269722412231024,7.177567669910198,0
199,11.971660320018088,5.7146988047817215,0
200,6.710066547093271,8.363336228221069,0
201,7.8374326852888405,15.092894200158794,0
202,5.770630173711139,11.128900613759388,0
203,7.833239298312499,27.960747000761486,0
204,3.5925204716651704,10.356975324848946,0
205,10.471694688446995,3.5033187315489167,0
206,5.0391367579432345,5.513703061909501,0
207,5.9736551629692904,10.089786236744521,0
208,1.6438780122224577,15.59061038439763,0
209,11.477652427803298,18.533792907879107,0
210,5.103963590977482,1.650042466659678,0
211,10.181173642934253,8.321128567089865,0
212,11.947840815861044,12.34275937679307,0
213,7.516989584366666,18.437838655477155,0
214,7.276721925390561,4.21187752943363,0
215,8.6400620945282,14.493064255862304,0
216,10.684780980281852,16.886706656151915,0
217,10.416413318766706,1.7192758887304995,0
218,20.535242846613787,4.781584322174711,0
219,11.103975620011791,2.4354996749594235,0
220,4.177444960029358,10.927039260889128,0
221,9.12909446926248,8.960176909651004,0
222,7.971842578113291,4.460308306592964,0
223,4.627594670678063,9.071912315364772,0
224,8.538362936061379,3.880835076743234,0
225,11.272035540282044,3.344756877644131,0
226,10.63846602956643,11.335796408729921,0
227,12.57921807386997,15.083586389691167,0
228,4.574527669134367,7.842114828384579,0
229,9.42641624277395,10.147136124017528,0
230,6.096264101614828,5.978517065374325,0
231,6.565749718022505,8.308740537339936,0
232,10.425620245924845,8.695628898590003,0
233,10.076642516424684,7.573384411698179,0
234,7.155486490139507,6.796231116886511,0
235,9.44191687976479,12.215885473047969,0
236,3.550067235701358,16.535101982974265,0
237,18.388521546405443,16.614377147799605,0
238,9.6097275498791,8.349502715585992,0
239,4.958530038910958,4.366480202409109,0
240,7.336751911203404,16.396499095000646,0
241,14.917465192130233,7.93551574062234,0
242,15.548171701378108,6.979031050622735,0
243,15.230551779779875,23.279070904126442,0
244,22.524697619476214,8.24777446318177,0
245,12.483130953011235,6.886846657823806,0
246,6.33965575925208,1.9303331563682429,0
247,12.824712128728823,8.227243354030126,0
248,8.052781094167356,6.291845899855315,0
249,18.68726696147439,10.387378491839035,0
250,29.35781705201792,26.338835398720285,1
251,32.18810882783862,17.526307430545337,1
252,27.8715547726413,26.04355347979964,1
253,26.16330597676246,17.578821758713634,1
254,28.601046579539332,30.04208556236319,1
255,10.82049540793296,23.661614337473793,1
256,6.7116557491584885,28.234318703381085,1
257,26.222536364746688,28.864206382969144,1
258,26.701765068261047,30.635414919074517,1
259,20.17600776933717,18.01840814668349,1
260,16.871314241620464,27.847276458301923,1
261,15.976575837302462,24.11143927902664,1
262,30.10746057501027,22.085372819461245,1
263,20.750680826472315,24.76150481213738,1
264,17.66551142211146,30.887249115490025,1
265,30.25276317499868,25.120852991624513,1
266,21.393864055114268,30.304237267805664,1
267,24.77448808231657,30.815825928514776,1
268,26.02779864986367,28.889043684093863,1
269,23.629914043580502,27.510164875705033,1
270,16.461438159723624,28.291329591292413,1
271,31.560518943950697,28.466214363937993,1
272,28.264596981184525,20.35525863668653,1
273,33.07416212062363,18.29204630549306,1
274,24.972306843772763,25.29447054590964,1
275,24.482855222352725,19.701090955222526,1
276,29.642042992392412,20.268016262001705,1
277,19.717330445745787,29.403266091887957,1
278,22.511757734492917,32.731598724450976,1
279,22.767913213795765,20.578287013164108,1
280,25.742927981602158,24.070554070972083,1
281,19.414311828435537,26.8290706672487,1
282,24.4540214572625,31.63586598146587,1
283,28.870494368298054,23.70873633933638,1
284,27.676374537012283,30.063088459296075,1
285,20.138421225001846,32.462687911024155,1
286,30.376899065359797,29.92041587909561,1
287,21.13538634499097,19.986076001108245,1
288,29.767059103101367,21.707598325954223,1
289,22.777246142142047,15.255819487634227,1
290,22.246367748909485,22.694922170866,1
291,18.592425193739977,26.07649511422202,1
292,18.61101848532918,32.68862061567303,1
293,29.709374433478608,22.31667294880719,1
294,27.80664282897216,25.19889821209074,1
295,25.34413787494055,23.67758939814488,1
296,15.600487087272235,25.418390618770758,1
297,24.78216693417413,23.663146485316034,1
298,25.626791119858098,28.590979358143354,1
299,20.59778459399948,25.41539285688601,1
300,30.793084707068274,28.73956967017081,1
301,30.143969127715643,28.848926689465863,1
302,22.39058535237713,27.14362661153468,1
303,24.474854347096073,29.074955636696625,1
304,25.18341936335204,30.112643434537922,1
305,19.102410105790725,12.59964559914463,1
306,28.46154463190432,23.412111898882372,1
307,29.05809297736192,23.1691092014942,1
308,18.45730434276674,20.493719694361257,1
309,19.91433993295246,13.036436439504556,1
310,20.37324787679028,31.442159889490085,1
311,23.412993584164937,25.848742099146843,1
312,21.35416590315635,20.214860697853542,1
313,19.743809210709372,28.894101292983624,1
314,29.217665168656108,31.0924998348353,1
315,19.66009131928562,12.68964177611609,1
316,23.62134631443644,24.785220764941343,1
317,26.418323910586928,17.744433462768306,1
318,26.741347369892456,22.862841677632364,1
319,23.417303500934207,30.507625523794253,1
320,20.11661067885606,22.772282524718776,1
321,21.793129894512965,17.838931491355602,1
322,22.309359438256287,23.507999764592146,1
323,25.576022757072298,25.560193568194627,1
324,23.63838176587715,19.211818895056624,1
325,17.93497585243437,26.39822508891784,1
326,29.337178826318354,28.817634422739655,1
327,15.946959638667181,12.885838612697047,1
328,26.102489652194137,24.257412671126918,1
329,26.843819261869378,31.3348295726526,1
330,21.857346807728366,28.460101688289782,1
331,9.374248606319767,27.426944427929275,1
332,24.368936627317353,18.711714085604783,1
333,17.42515648417384,26.31308430787423,1
334,25.99971726929256,20.64817997950093,1
335,17.49178134594558,26.10462951384136,1
336,26.911530237683177,23.237063223857387,1
337,30.336426549629117,23.56397215170123,1
338,17.348227354435323,24.573675099744236,1
339,23.2582256725251,14.070844980456819,1
340,16.083120527772152,24.626257592606002,1
341,19.780253889591247,30.543609686889898,1
342,32.20447752200364,23.574208335727235,1
343,30.49828152710062,20.536690521850346,1
344,25.00299786247261,23.29669438072949,1
345,11.272442687670562,31.909920327734024,1
346,16.62433340891181,31.21393061143816,1
347,28.392956586943683,23.584558772767778,1
348,26.946732621165026,21.97460279724214,1
349,24.455474485843226,24.634423375745097,1
350,22.538037644443257,14.995873306305057,1
351,23.789342886195655,29.840050890432686,1
352,24.6463055824671,25.33618203058593,1
353,27.580173332780802,24.603191096514607,1
354,22.673082984946625,27.341350779205463,1
355,18.560191806376174,29.832388720020116,1
356,29.86168577654734,15.960021223040783,1
357,28.79265094779801,29.426191043165716,1
358,21.502649877721144,18.166620429239195,1
359,31.179572813332737,30.10256850567279,1
360,29.626479567600644,27.733665248443593,1
361,22.94438366181616,25.458939333354106,1
362,14.23025719763907,18.33636903849161,1
363,10.550868458175458,25.795268892775546,1
364,26.64377266869216,19.68955575777401,1
365,30.045980810971113,27.582622655822775,1
366,13.599601592110819,25.321581300129573,1
367,15.707110150503386,23.289412191936123,1
368,20.79920904895634,24.67358166826765,1
369,18.68145348378499,22.424371002332915,1
370,24.94573142589578,26.824931168027273,1
371,21.44950467733323,28.351594863600134,1
372,22.53451488251809,29.504909606773765,1
373,25.794882672722174,31.070459907041453,1
374,20.424669838025977,9.606376918552893,1
375,20.4638520487623,0.0,1
376,19.149440654910073,30.488495506623977,1
377,32.25348708545555,22.81008006923426,1
378,24.759490492217708,31.09597763273303,1
379,8.281678726235238,28.609399461602578,1
380,20.922317400656496,12.56383518392093,1
381,22.433011393722346,15.757616189839709,1
382,26.336055571661714,24.648443280830424,1
383,24.056153065778084,27.980476137500794,1
384,22.368782199042545,24.596119059237683,1
385,26.254248173336325,15.862569490836393,1
386,20.431528345708998,26.33796816815126,1
387,26.748787061145865,25.3084632746355,1
388,21.268591941309985,22.85774252368735,1
389,24.296046054628153,18.769904863045042,1
390,30.842153829400136,15.633009203632504,1
391,22.437522420636622,29.025351164652392,1
392,24.753838265266232,28.789045326155772,1
393,23.74660366576746,21.850256993922386,1
394,27.508977780868033,23.948574695148928,1
395,21.855684072286564,26.36692524723777,1
396,19.689403996054764,24.00867113340784,1
397,20.919687213405155,20.288354912924447,1
398,29.607338201673098,15.451225606102462,1
399,12.973464170231551,17.763953775902802,1
400,21.277892767792757,9.01294051597857,1
401,24.417621977848622,31.816963745133908,1
402,25.57589859874725,32.4206070505218,1
403,23.724796807968385,26.691499463418353,1
404,19.643217162375084,22.96642983970701,1
405,27.0638741638382,17.643154498739115,1
406,20.270880798956064,29.70632540832105,1
407,27.610475580704836,21.206007875650343,1
408,23.543319077270915,18.827601190625412,1
409,29.549172283206246,22.00716894085452,1
410,24.918633923445334,22.839487183074947,1
411,20.996282482392992,22.669706462616325,1
412,29.318359082251785,24.3189853507813,1
413,25.158885037980923,23.66640621453842,1
414,24.098396147287477,31.459586773559167,1
415,28.944814563516676,14.588266760993495,1
416,24.10365112696153,14.583078177209096,1
417,27.724378396995412,6.130777011338964,1
418,22.298366140274528,26.717894205960413,1
419,30.27568557633754,20.737986731411965,1
420,31.90260441292701,31.425665386349863,1
421,24.311250328119343,21.80539149900516,1
422,31.024965332877706,18.673688587272043,1
423,26.01852238499404,21.38347222771568,1
424,26.560566334938784,32.14092053195817,1
425,24.699005318446424,23.808284805876855,1
426,25.079116060798547,24.677096329242346,1
427,19.95383394405506,24.187126448121674,1
428,16.669249707089698,12.972286561294172,1
429,25.372778845806373,30.11323113785729,1
430,22.039220524384234,25.424590860864992,1
431,26.481701230428566,19.490653373828017,1
432,26.760295671408283,22.23501126882557,1
433,27.247305104721534,31.67758117734903,1
434,16.343456445508025,28.97776488531901,1
435,25.553798671561825,15.461979792842474,1
436,21.559959742058027,23.96582419053155,1
437,26.340193279957894,23.029987277833555,1
438,10.1187605675029,25.416073496369812,1
439,31.195350149819404,10.713097045675251,1
440,30.551561097625893,21.82369681902847,1
441,8.231065637676483,22.97595917778518,1
442,12.95749995402048,22.27482576983347,1
443,24.07420387828786,0.6509376554362731,1
444,18.001735140958985,12.154991053812246,1
445,12.413416945347656,22.278388981478585,1
446,28.284456744746514,12.960812601184784,1
447,30.89514389110559,19.399974914930137,1
448,30.36589878955723,28.97321784675075,1
449,25.68508272315981,19.500854356064906,1
450,23.64863701334582,18.64751096620696,1
451,30.883344998575105,23.970890664767538,1
452,19.712906690163162,30.52048680101716,1
453,24.682882523261597,21.567711477594326,1
454,27.142832525247094,27.585585287049938,1
455,19.234111964206626,21.636490170369196,1
456,29.189372361133618,30.12364108131143,1
457,20.37275852396273,27.7875473230999,1
458,29.598244746199626,31.051615689256828,1
459,29.213077518304885,24.585276495404326,1
460,18.07921207455932,27.96063232906086,1
461,24.911976605367396,28.057702858482102,1
462,26.550764187633625,31.114714991465185,1
463,27.006073464176517,17.60783349029581,1
464,24.748262066752645,32.114349903215064,1
465,18.226581387768526,28.935588985432126,1
466,24.481992218413176,27.607996751911056,1
467,21.82897088505046,25.824873714862825,1
468,33.40673348964628,29.214458809783373,1
469,23.28359500736633,20.150146627005736,1
470,25.353695362996714,25.02610627625402,1
471,25.610151134410756,25.56298706235362,1
472,27.226153322226303,25.33510842582381,1
473,28.26001851417188,14.927273655903043,1
474,21.66447296567347,26.9204116981251,1
475,24.930356485755908,25.512281547332393,1
476,28.9968190026408,25.59504116359978,1
477,27.26599006982569,30.325627273049147,1
478,29.61339651264722,25.59476172665663,1
479,23.143561547112082,21.344017700828086,1
480,23.988518747000235,31.150197689581653,1
481,28.99856558414462,20.928062076261174,1
482,27.386833842084584,14.640231281104658,1
483,27.256166950025015,29.07198507301081,1
484,26.57934609359262,24.13113671820846,1
485,30.62613214906642,27.067866686256995,1
486,21.72880341302527,30.89346475052372,1
487,16.75778427997796,19.061999722422236,1
488,22.62464358176988,29.76167304567749,1
489,19.799138053697696,23.612419128316546,1
490,15.730807510992754,25.162935141716275,1
491,27.8830075993967,23.867411534294234,1
492,30.856987397673937,26.47945298285365,1
493,16.08184045936227,16.86531674016263,1
494,24.987736419668007,27.957516240222027,1
495,25.780947039703392,16.112268278715558,1
496,19.467538187486834,25.09831237571634,1
497,16.46246377085238,27.720979359034594,1
498,13.930832115620383,9.106001598261315,1
499,33.4389457730753,26.480319042590487,1
